,antecedents,consequents,antecedent support,consequent support,support,confidence,lift,leverage,conviction
0,frozenset({'PLASTERS IN TIN WOODLAND ANIMALS'}),frozenset({'ROUND SNACK BOXES SET OF4 WOODLAND'}),0.13785557986870897,0.24507658643326038,0.07439824945295405,0.5396825396825397,2.202097505668934,0.040613074517953165,1.640006036369124
1,frozenset({'ROUND SNACK BOXES SET OF4 WOODLAND'}),frozenset({'PLASTERS IN TIN WOODLAND ANIMALS'}),0.24507658643326038,0.13785557986870897,0.07439824945295405,0.3035714285714286,2.2020975056689345,0.040613074517953165,1.2379509622398026
2,frozenset({'ROUND SNACK BOXES SET OF 4 FRUITS'}),frozenset({'ROUND SNACK BOXES SET OF4 WOODLAND'}),0.1575492341356674,0.24507658643326038,0.13129102844638948,0.8333333333333333,3.400297619047619,0.09267939994924562,4.529540481400436
3,frozenset({'ROUND SNACK BOXES SET OF4 WOODLAND'}),frozenset({'ROUND SNACK BOXES SET OF 4 FRUITS'}),0.24507658643326038,0.1575492341356674,0.13129102844638948,0.5357142857142857,3.4002976190476186,0.09267939994924562,1.8145093418616391
4,frozenset({'SPACEBOY LUNCH BOX'}),frozenset({'ROUND SNACK BOXES SET OF4 WOODLAND'}),0.10284463894967177,0.24507658643326038,0.0700218818380744,0.6808510638297872,2.778115501519757,0.0448170687913277,2.3654266958424506
5,frozenset({'ROUND SNACK BOXES SET OF4 WOODLAND'}),frozenset({'SPACEBOY LUNCH BOX'}),0.24507658643326038,0.10284463894967177,0.0700218818380744,0.2857142857142857,2.7781155015197565,0.0448170687913277,1.2560175054704594
